-2477.64421842016,-179.944529916091,343.420725961708
-2477.74331079898,-179.536315801623,343.497715434502
-2477.80655200034,-179.117428504327,343.552430278692
-2477.8232517375,-178.645096284037,343.61860277886
-2477.78501790029,-178.1387707355,343.700510231896
-2477.68280300488,-177.593013264606,343.777836567237
-2477.50704732498,-177.039966307496,343.826819297319
-2477.23213926506,-176.448284974264,343.856158966192
-2476.86179344855,-175.81926748165,343.89847766039
-2476.36685006138,-175.155499508734,343.943111323147
-2475.7526401476,-174.470189423977,343.978941152319
-2474.97590954156,-173.7509042749,343.984271168189
-2473.98927448667,-172.99370797006,343.970387336681
-2472.72338316712,-172.183515379181,343.931476076275
-2471.10377682192,-171.29801116372,343.819636054871
-2469.05351095204,-170.328510668106,343.640793733901
-2466.50436490707,-169.220878437164,343.390913320187
-2463.3680917911,-167.998483296052,343.10227201634
-2459.60192752154,-166.639696676763,342.725537155614
-2455.20192757257,-165.207037396407,342.270474973451
-2450.2966741249,-163.673655000062,341.783262452056
-2445.01813047997,-162.048646703467,341.354641685756
-2439.47192283934,-160.335964589481,341.045688143959
-2433.69226958208,-158.576250596986,340.887812017263
-2427.71338908726,-156.810146664869,340.912423496266
-2421.56949973395,-155.078294732012,341.150932771564
-2415.28660054174,-153.410731174462,341.644660828289
-2408.92607740668,-151.73555539141,342.333292028329
-2402.50597611686,-150.110503770833,343.226472568069
-2396.04276652626,-148.505643203813,344.222862651402
-2389.48477495451,-147.002721426974,345.37347829109
-2382.81882860962,-145.511876742526,346.562635965005
-2376.02114199033,-144.083174389032,347.84999967589
-2369.10571256542,-142.738763809183,349.16557631785
-2362.08072523719,-141.48415862099,350.46957358175
-2355.0708650567,-140.27105392708,351.679694117596
-2348.10742529232,-139.056035815858,352.803931391198
-2341.74611435728,-138.123918209874,354.355615833003
-2334.34678631402,-137.300047750736,355.646546767782
-2327.12354275565,-136.548467043208,356.932676630936
-2320.16003203413,-136.151352303194,358.086144510939
-2313.2852150175,-135.830763861171,359.160813761018
-2306.6961993298,-135.848311253664,360.149841806493
-2300.25894468203,-135.932165912036,360.963446254314
-2293.92252939745,-136.262570362984,361.722737159369
-2287.72699739442,-136.704828835006,362.433859705216
-2281.63043092727,-137.260023760753,362.954476714571
-2275.59222833416,-137.88191328825,363.36772515893
-2269.68427706316,-138.667620688855,363.623231410827
-2263.85941337876,-139.487876691051,363.732574110379
-2258.09486131704,-140.397856503588,363.711699368402
-2252.4124539011,-141.303026562562,363.546885359725
-2246.65204098184,-142.278616617117,363.297365964596
-2240.83254544875,-143.105718566112,362.864418802942
-2235.15349112795,-144.117504860399,362.368732907113
-2229.61421676377,-145.078927423077,362.006448386783
-2224.13000330159,-146.021979723091,361.581143850943
-2218.62027526853,-146.997614643759,361.10763403505
-2212.97341166873,-147.669105549536,360.456749461189
-2207.14112971379,-148.534693403347,359.821318746098
-2201.16759494615,-149.32060610642,359.175856089772
-2194.93096273668,-150.046825662409,358.528253493393
-2188.40866789243,-150.761984085576,357.895706333557
-2181.63441332386,-151.368379978478,357.32312761118
-2174.58925411931,-151.910697236501,356.86193943779
-2167.34128849294,-152.571245884286,356.428328289103
-2159.91483282503,-153.046534885976,356.013191180298
-2152.39789976007,-153.334669399971,355.633528579353
-2144.83462840358,-153.597367144317,355.146784360112
-2137.31395209586,-153.693149637743,354.585063556072
-2130.358174247,-153.611663964592,353.564191942111
-2123.84232018749,-153.437727958047,352.259577441045
-2117.64141524785,-153.256159451285,350.846627975689
-2111.63048475857,-153.151776277486,349.500751468857
-2105.68455405016,-153.209396269831,348.397355843365
-2099.67864845314,-153.513837261498,347.711849022026
-2093.48779329799,-154.149917085668,347.619638927657
-2086.144874602,-154.564460301042,348.154845334991
-2078.35409684375,-155.029327381875,348.633244566406
-2070.92662595168,-155.578696654195,348.741271329601
-2064.4567142579,-156.343365854639,348.527108157484
-2059.05492513311,-157.478618627189,348.199014821835
-2054.46931082515,-158.684382915781,347.857974796833
-2050.38358560217,-159.956742408771,347.456812260706
-2046.69201383843,-161.105058571833,346.971640143453
-2043.34802675512,-162.25739263442,346.605022608956
-2040.30454389947,-163.4045269178,346.334515870561
-2037.51448481874,-164.537243743244,346.137676141614
-2034.93076906016,-165.64632543202,345.992059635462
-2032.50631617098,-166.722554305398,345.87522256545
-2030.19404569845,-167.756712684648,345.764721144924
-2027.9468771898,-168.739582891038,345.638111587231
-2025.71773019229,-169.661947245837,345.472950105716
-2023.45952425315,-170.514588070317,345.246792913725
-2021.17941736427,-171.229875628109,345.104554975691
-2019.06455864441,-171.822412908334,344.875540992878
-2017.32857602412,-172.499517035269,344.683732385828
-2015.79482648163,-173.220920804361,344.427796607191
-2014.41565879954,-174.075337335624,344.207835335222
-2013.04832222844,-174.884078714889,344.039234706727
-2011.52317751426,-175.699630799308,343.872527155946
-2009.8961819255,-176.303251970786,343.809235497563
-2008.11810329672,-176.894546108533,343.659787545226
-2006.20409648573,-177.363154367668,343.505453628828
-2004.18941629755,-177.64586396381,343.293333684925
-2002.27077066024,-178.005215404143,343.16442453492
-2000.10984050366,-178.227587116851,342.874093538667
-1997.67155423666,-178.262148238227,342.622221980172
-1995.32036352536,-178.454529451837,342.447330135357
-1992.71755953907,-178.498952392148,342.220697730459
-1989.7284753363,-178.359327487539,341.972522538052
-1986.62977785085,-178.294261868222,341.726192103575
-1983.43835792726,-178.033929847568,341.587272742907
-1979.97691260214,-177.751234613061,341.357716730097
-1976.44848011624,-177.457247909462,341.134512630637
-1972.86815304931,-177.147713124667,340.927380316242
-1969.42490486204,-176.805456634221,340.839309524975
-1965.87589363464,-176.403151500393,340.790514196436
-1962.20747137012,-175.952080787667,340.793326383179
-1958.40599007152,-175.463527560525,340.860078137756
-1954.45780174185,-174.948774883451,341.003101512721
-1950.34925838414,-174.419105820928,341.234728560627
-1946.06482588517,-173.874177948921,341.521731512967
-1941.56894423761,-173.300907779773,341.854163709138
-1936.83614665762,-172.707135147446,342.247999998757
-1931.80623541065,-172.077781182968,342.666945013704
-1926.44475325344,-171.328117214341,343.048078797657
-1920.50935790853,-170.459696724967,343.287270432775
-1914.23446627694,-169.514128588632,343.626570126663
-1907.55832107328,-168.557337122551,344.09034727338
-1900.59806622504,-167.540898657174,344.713365149673
-1892.99362647969,-166.355201586418,345.229210928261
-1884.65788425958,-164.973848575751,345.599732572126
-1875.50511067038,-163.402723648712,345.798910109276
-1865.46915197183,-161.728526414769,345.86078508152
-1854.48385442366,-160.037956483393,345.81939903067
-1842.48306428562,-158.41771346405,345.708793498537
-1829.40062781743,-156.954496966211,345.563010026931
-1815.17039127882,-155.735006599345,345.416090157663
-1800.15290344652,-154.706900189616,345.279759870558
-1783.45065679304,-154.206061043277,345.221344650797
-1766.59701576124,-153.398920639445,344.68245326014
-1749.20084374622,-152.725905118113,344.392945331936
-1730.50458134358,-151.472728840167,344.278052150287
-1710.95566617245,-150.207426150189,344.257013307901
-1690.88984778428,-149.015417277246,344.559707223383
-1670.44922394908,-147.780453913921,345.151427182762
-1650.05889925165,-146.353535523919,346.202110086055
-1629.90223832365,-144.743503214943,347.892359949098
-1610.04212403008,-142.959895248635,350.123155477684
-1590.32430099034,-140.9392518747,352.605565545675
-1570.66712555626,-139.113392334071,355.316314857678
-1551.08296782137,-137.22066068596,357.886629446526
-1531.65540617342,-135.256270783446,360.4339942562
-1512.34281928182,-133.326071669266,362.722595148015
-1493.29827827031,-131.491363002622,364.911023411881
-1474.41710301315,-129.603612354032,366.944584705114
-1455.69666568489,-127.869083404638,368.708912250898
-1437.23437424843,-126.229774732269,370.477391484572
-1419.09344746838,-124.613671038107,371.999930807072
-1401.31259304172,-123.134683374466,373.458769732867
-1383.83418930322,-121.785866981706,374.674040286732
-1366.81027256218,-120.448913629369,375.549805488899
-1350.34227252234,-119.142442384482,376.022164186032
-1334.43790551848,-117.858587699321,376.127641547478
-1319.10488788538,-116.589484026161,375.902762742588
-1304.35093595784,-115.32726581728,375.384052940708
-1290.18376607063,-114.064067524952,374.608037311188
-1276.61109455854,-112.792023601455,373.611241023376
-1263.64063775634,-111.503268499063,372.430189246621
-1251.28011199884,-110.189936670054,371.101407150271
-1239.5372336208,-108.844162566703,369.661419903674
-1228.26587564346,-107.593973282753,368.094577779982
-1217.35264095911,-106.326658486316,366.251714782485
-1206.71028114927,-105.149780643474,364.413185338228
-1196.03899423859,-104.1813337808,362.646023830366
-1184.99145174667,-103.413859826445,361.04862532867
-1173.37669404055,-102.847000730001,359.973006873417
-1161.52945863837,-102.254409653298,359.034901229019
-1149.76304051731,-101.475719324532,357.896710168446
-1137.81770222891,-100.634932405798,356.864051861494
-1125.55395283749,-99.6180426381112,355.9041841178
-1113.01085242284,-98.5908738853549,355.159288054215
-1100.22004452912,-97.4996523021911,354.41554936031
-1087.37066535106,-96.3803822460277,353.492704404032
-1074.68562603614,-95.2954042608778,352.554755262041
-1062.60530826007,-94.3833692980949,351.372048275739
-1051.18202522906,-93.8470685617678,350.981610771863
-1038.48491739609,-93.70789640004,352.150520658722
-1024.2774601021,-93.6843685315416,354.720538457744
-1010.28050406483,-93.4425968978832,356.72453269613
-996.644605634853,-92.9712890884033,358.223159351222
-985.145348230124,-92.8260186734056,358.514278677181
-975.952661730835,-92.9635609500978,358.063776239791
-968.472856598015,-93.2476731548973,357.665288660663
-962.07189775006,-93.5285897150664,357.147431756724
-956.494073235788,-93.8381717161133,356.609036874288
-951.463786564018,-94.0873388040165,356.167965125107
-946.926207211807,-94.3590878782988,355.848945197366
-942.960490148895,-94.6131345026018,355.48446294367
-939.594332033448,-94.9429981946662,355.122438241985
-936.835151611525,-95.575948344217,354.659843535847
-934.407935253283,-96.3414638520455,354.506415862291
-932.170477059207,-97.0284980155355,354.336211037243
-930.096731733737,-97.6433113659395,354.155301442745
-928.160653981312,-98.1921644345097,353.969759460836
-926.336198506374,-98.6813177524986,353.785657473558
-924.597320013361,-99.1170318511583,353.609067862951
-922.917973206714,-99.5055672617412,353.446063011056
-921.272112790871,-99.8531845154997,353.302715299915
-919.633693470274,-100.166144143686,353.185097111567
-917.976669949362,-100.450706677553,353.099280828054
-916.274996932574,-100.713132648351,353.051338831417
-914.502629124351,-100.959682587335,353.047343503696
-912.633521229132,-101.196617025756,353.093367226932
-910.641627951358,-101.430196494867,353.195482383166
-908.500903995467,-101.666681525919,353.359761354439
-906.314103206348,-101.894486063099,353.548576794399
-903.962306697503,-102.041298118261,353.476802403418
-901.444806548939,-102.181291447945,353.648556036206
-898.831853812698,-102.292873403237,353.593048276732
-896.011663369412,-102.350172251582,353.688072276363
-892.883254977271,-102.412351954048,353.769416162357
-889.383216201478,-102.531748063503,353.95305692603
-885.51911239212,-102.485448573422,353.940680664028
-881.451111269026,-102.397251608389,354.277781159465
-876.901990501896,-102.315675298468,354.358994628741
-872.310354315213,-102.20154719861,354.676653309361
-867.371896227595,-102.123181557063,354.999380716646
-862.118696642857,-102.03485081145,355.256497544165
-856.570541089211,-101.933619544322,355.722593804985
-850.485144720594,-101.992739411729,356.172152490678
-843.941310700028,-101.950848490085,356.649250213673
-836.777719215608,-102.00428864741,357.095866627703
-829.04491685826,-102.085678445554,357.613076460088
-820.745487708642,-102.166343568123,358.013933095689
-811.690981363425,-102.248761657851,358.113743810382
-801.96129690519,-102.432089474153,358.308991570815
-791.436953021277,-102.510531800829,358.064538785359
-780.007716710436,-102.585187206898,357.573657430786
-767.684918480028,-102.372669275238,356.893298210857
-754.241109856183,-102.113786285526,356.383045084624
-739.43398853634,-101.858304893819,355.631387484213
-723.52009125497,-101.657627667924,355.026217799383
-706.453309157346,-101.883763966632,354.65763686235
-688.300551037093,-102.598543535707,354.179984290696
-669.163877415365,-103.52071510928,353.748152633169
-649.206127445107,-104.427541953754,353.241203037703
-628.337692100852,-104.959785275514,352.762772845652
-606.845371677457,-105.564809157567,352.620130054677
-584.662981607358,-106.183492663422,352.676233062117
-562.117000471781,-106.643714364468,353.068673478926
-539.346739155203,-106.811793582154,353.914642046932
-516.776264869664,-106.863999574769,355.717773506102
-494.562350882964,-106.672748790533,357.955300726116
-472.761251732794,-106.498675670977,360.687294942621
-451.108090952328,-106.143236055296,363.45961357545
-429.863126793587,-105.843005158532,366.279864284783
-408.733624037321,-105.664082974369,368.974949350467
-387.870342492006,-105.387985845727,371.308692985663
-367.337676160802,-105.195611908268,373.835271204501
-347.143556277715,-104.952267593884,376.352559346417
-327.247235554837,-104.712843900134,378.651885938353
-307.705012383154,-104.528554520358,380.64757407729
-288.545645328411,-104.21287889008,382.563788560335
-269.841240044701,-103.945205028889,384.36255268671
-251.527803411372,-103.821514308984,385.565997160764
-233.691866100027,-103.531263135501,386.278921337478
-216.505357808155,-103.322575167978,386.647987121957
-200.056150533756,-103.043328713778,386.728454366918
-184.453403831416,-102.625037636654,386.324856389282
-169.8100080558,-102.263347603425,385.505453463256
-155.991514931444,-102.061711178891,384.105570654004
-143.012802764788,-101.846640855434,382.445212153874
-131.05923682659,-101.56856907205,380.787053616344
-119.914574853017,-101.412054634504,378.589905013414
-109.604531704155,-101.264444412229,376.418543110059
-99.7446089967846,-101.0475107172,374.089994063988
-89.7821939905775,-101.2871924788,372.14856387079
-79.6338516420219,-101.82604481431,370.523744672601
-69.216146907606,-102.50662284101,369.145028611557
-58.4456447438181,-103.171481676182,367.941907829793
-47.2389101071466,-103.663176437104,366.843874469447
-35.5125079540796,-103.824262241059,365.780420672654
-23.1830032411054,-103.497294205326,364.68103858155
-10.9102881809299,-103.121654793527,363.994117947083
1.81989156401444,-102.396258553178,363.355713695315
14.7992976132798,-101.382083462281,362.802643882166
27.5014628735854,-100.281697822279,362.064672340522
39.6871759055162,-99.499139386898,361.533824926476
51.5960861197632,-98.789413220692,361.788099818925
64.4951684271656,-98.3364843212303,363.178900300072
78.2623799471969,-98.0227684473052,365.580824211567
92.08819936122,-97.5700734731134,367.746563425834
104.499181325423,-97.2861975719225,368.434531298818
114.69681666889,-97.4974222618573,368.213132697517
122.353254232061,-98.334659299542,367.38302409646
128.832501624435,-99.1675435634437,366.563344105507
134.442563423348,-99.8562144513196,365.92666935748
139.840208651266,-100.544748922606,365.491354804424
144.855596850177,-101.195480402233,365.239857554887
149.364946429021,-101.841919937582,365.008644388968
153.35846306573,-102.427981526242,364.725318345004
156.816120399599,-103.076201164338,364.340343045496
159.874692533345,-103.65839525728,363.924503189599
163.028349771625,-104.358996785242,363.510014365951
166.201401770864,-105.097048687751,363.263752947125
169.409337313462,-105.90110861942,363.162461184941
172.21248487534,-106.598851897365,363.120171838476
174.824077584891,-107.148390057288,363.028034936879
177.278698192751,-107.583999906053,362.908739433592
179.610929449555,-107.939958250524,362.784974282061
181.855354105937,-108.250541897563,362.679428435726
184.046554912533,-108.550027654035,362.614790848034
186.219114619978,-108.872692326803,362.613750472426
188.347664292175,-109.222956029187,362.713717824735
190.396927292801,-109.590982935155,362.871572998974
192.379152311115,-109.932486904044,363.040265331528
194.415546896426,-110.240091620826,363.245847816131
196.531613294356,-110.465424676702,363.469223867152
198.808463877427,-110.615260243891,363.708587002481
201.314424384116,-110.715711466459,363.914786466375
204.146898594617,-110.761846481774,364.102412557538
207.25339965134,-110.759358550072,364.27095046464
210.575459373379,-110.713536997331,364.389651194605
214.120395516408,-110.681465125385,364.515526791583
217.926940399246,-110.612608679556,364.613269297477
221.957424228928,-110.477694678976,364.7301467527
226.242942799587,-110.289398835607,364.786585739814
230.757654429918,-110.064578700613,364.918027922008
235.636467771888,-109.901035641914,365.14859868262
240.791762392261,-109.768546523645,365.486536131674
246.29340903096,-109.725677108321,365.892526804602
252.039484316141,-109.637138292955,366.250225879685
258.172218235837,-109.584470743381,366.673809857125
264.649334891323,-109.467311940762,367.023248420197
271.629871173006,-109.380664228362,367.401432744466
279.133565663607,-109.2293033743,367.629811135571
287.325544668016,-109.104760569575,367.770616398048
296.169436552861,-108.95578256488,367.721984691401
305.720393443271,-108.77284874888,367.504190330508
315.94351280072,-108.587802201365,367.103745805698
326.918950488621,-108.360479145863,366.513715018288
338.676355486031,-108.079354737647,365.798552092761
351.3734188768,-107.712401905048,364.991231130618
365.145333215072,-107.322030794953,364.169494285218
380.111800295418,-107.009195908698,363.369952683494
396.274308203353,-106.847403717811,362.619053041724
413.565045618677,-106.915751757909,361.893191803633
431.91620122119,-107.293337564612,361.168765412949
451.238129176219,-107.808023336575,360.411505650302
471.500831312266,-108.331046608551,359.67783303751
492.595803678302,-108.728397166817,359.066149933536
514.334725824321,-109.020115041405,358.621724064827
536.507801684772,-109.162141156588,358.510341814156
559.009043044472,-109.188224251406,358.944709655169
581.740339685636,-109.173748686842,359.905481946227
603.745048994793,-108.458528652465,361.462766417256
625.556720173796,-107.83880526671,363.789722882261
647.209427066235,-107.292358743875,366.896327128423
668.339117129616,-106.538345047348,369.95878288376
689.238127126591,-105.844652566266,373.093341816456
709.772066208216,-105.121725160962,376.196895772953
730.010266524929,-104.393385789587,378.946652183902
749.080008442167,-103.043176776039,381.641829142525
768.710884629123,-102.546674113268,384.43466008244
787.739397157274,-101.899373850934,386.860614469498
806.473357485497,-101.307611747772,388.931900982808
825.024319763034,-100.851287287069,390.803044280729
842.798116399951,-100.206925275208,392.430375918542
860.123324917362,-99.6054021998869,393.739307748693
876.838653522847,-99.0317365414495,394.502950277458
892.922436913133,-98.4799041841348,394.759407208601
908.353009784941,-97.9438810121821,394.546782245888
923.108706834997,-97.4176429098306,393.903179093084
937.167862760025,-96.8951657613198,392.866701453954
950.508812256747,-96.370425450889,391.475453032263
963.109890021889,-95.8373978627774,389.767537531775
974.949430752175,-95.2900588812244,387.781058656257
986.005769144327,-94.7223843904694,385.554120109473
996.257239895071,-94.1283502747516,383.124825595187
1005.90324856057,-93.5116141094252,380.835551355352
1015.70350181904,-93.1914761791123,378.641403896008
1025.21148255373,-92.7822809065327,376.428541769855
1035.02415581445,-92.7375316457191,374.068364368727
1045.50937205473,-92.9064100184853,372.310625479515
1056.91878556761,-92.9577151351811,370.948755956988
1069.09572711471,-92.8759936811412,369.907453522911
1081.88352745766,-92.6457923417001,369.111415899048
1095.1255173581,-92.2516578021925,368.485340807166
1108.66502757766,-91.6781367479531,367.95392596903
1122.34538887797,-90.9097758643164,367.441869106404
1136.00993202068,-89.9311218366171,366.873867941053
1149.02925893528,-89.064746893816,366.123385617611
1161.33943158871,-88.4705861764575,365.649967062889
1173.63138444036,-88.0889496224344,365.840289095083
1186.65311104443,-87.9486085263076,366.991543019613
1200.2603806583,-87.9031807126751,368.469910718268
1213.47645136535,-87.9792961362062,369.721479618537
1225.27538743041,-88.2043746943957,370.271075423116
1235.18936208555,-88.6640969398396,370.195508902446
1243.19603232812,-89.3862539423599,369.817922168982
1250.01795647887,-90.2840879077686,369.359325193885
1255.54882563211,-91.368424767104,368.95904175955
1259.98264766501,-92.4745455207364,368.420845141858
1263.64330380062,-93.393044877125,368.037421650895
1267.2306257848,-94.1766581448961,367.611249946546
1270.54618457865,-95.0017663640773,367.505477137372
1273.29797821739,-95.6223096620361,367.349425881765
1275.84749511368,-96.5612998237535,367.281524289987
1278.11912153361,-97.393944706337,367.275240699909
1280.14393190434,-98.1277270521299,367.322070299781
1281.95300065301,-98.7701296034751,367.413508277847
1283.5774022068,-99.3286351027159,367.541049822356
1285.04821099286,-99.8107262921952,367.696190121556
1286.39650143835,-100.223885914256,367.870424363692
1287.65334797042,-100.575596711242,368.055247737012
1288.84982501625,-100.873341425496,368.242155429764
1290.01700700297,-101.12460279936,368.422642630195
1291.18596835776,-101.336863575179,368.588204526551
1292.38778350777,-101.517606495295,368.730336307081
1293.65352688016,-101.674314302051,368.84053316003
1295.01427290209,-101.814469737791,368.910290273648
1296.50109600072,-101.945555544857,368.931102836179
1298.1450706032,-102.075054465592,368.894466035873
1300.04253794122,-102.308931773938,368.904307758096
1302.24570554539,-102.502738611457,368.930196011813
1304.55010671419,-102.551023437142,368.879585101195
1307.18992543055,-102.638812730763,368.767553891968
1310.14084291433,-102.806537916128,368.717323089749
1313.44155576604,-102.813569001925,368.559995804679
1316.85238473187,-102.772312293035,368.374769083047
1320.4753436777,-102.746165320475,368.250813014894
1324.27018988664,-102.742795378992,368.111825223507
1328.1828861294,-102.704606466325,368.016666546902
1332.18882266917,-102.577492650015,367.882359613474
1336.39119000865,-102.439386341685,367.856170079003
1341.04025413226,-102.596982187967,367.875551238526
1345.94214282644,-102.745854863932,367.975182484959
1351.08636340058,-102.860480569745,368.087794056076
1356.32355909803,-102.686351269322,368.215524703074
1361.88366757543,-102.549902331869,368.316557180856
1367.75275462944,-102.359771426128,368.342063486895
1374.05712022749,-102.213876952207,368.395512455026
1380.694155165,-101.957373534959,368.405552124816
1387.78166722541,-101.739833375195,368.436202354522
1395.14748227044,-101.432189083127,368.37757435227
1402.93271957196,-101.10947068839,368.238742717878
1411.07332053922,-100.709389874728,368.070019437982
1419.62495681343,-100.236906622139,367.80954765783
1428.62667791087,-99.7004214568878,367.522597605247
1438.11973112822,-99.0005570437717,367.150069196533
1447.98110949916,-98.1814107469172,366.783376528837
1458.98280085635,-97.3804221808991,366.417848323532
1470.70204548722,-96.5603075991935,366.116892128115
1483.30765303961,-95.7189782021331,365.872840501755
1496.85373380327,-95.0645914633681,365.833332402812
1511.56208485375,-94.5168435735851,365.735989218839
1527.38265664566,-94.3175422283811,365.67152029878
1544.19134475469,-94.3993209907142,365.468988301801
1561.61175248077,-94.5034803438927,365.009282337442
1579.71152590926,-94.5165823994806,364.594767600127
1598.33767762665,-94.3938346285214,364.36192284948
1617.37637536097,-94.37587747502,364.458942371015
1636.70369737705,-94.3928143147687,364.979773851588
1656.15927016454,-94.1621637033463,365.661792377898
1675.4548218437,-93.6811490225482,366.763369300556
1694.54755964764,-93.1358707638239,368.377900411463
1713.27411840417,-92.476067392472,370.460558040466
1731.87579870691,-91.8358490421139,372.724694755226
1750.24147703714,-91.282034341522,375.072681647268
1768.49102302333,-90.9192680278477,377.512892373098
1786.40945006722,-90.28364954748,379.717738937549
1804.07135969627,-89.7361415850976,381.789673996825
1821.57320035876,-89.3819382438074,383.999040091549
1838.66825159618,-88.8754882313038,385.970174961755
1855.55966177015,-88.4116596922567,387.960405862596
1871.98226276304,-87.8087329939446,389.743698087606
1888.11252039208,-87.3013623227624,391.336011955932
1903.82062170239,-86.868583305972,392.833829315948
1919.02451431475,-86.2472922933093,393.882782749459
1933.63152409172,-85.4511209253468,394.763177216573
1947.73611283486,-85.1020269897895,395.432589770256
1960.88784993273,-84.6001157323484,395.69220173604
1973.13632432291,-84.0020324736106,395.593813672328
1984.53112494296,-83.3644225341632,395.189226137524
1995.12184073043,-82.7439312345933,394.530239690029
2004.9580606229,-82.197203895488,393.668654888248
2014.08937355792,-81.7808858374343,392.656272290581
2022.56536847305,-81.5516223810193,391.544892455432
2030.52908086612,-80.9977074957212,390.235526830564
2038.35354131597,-80.6697023490714,388.82859803472
2045.9344564954,-80.0023914451967,387.143729385554
2053.6778944941,-79.708980725385,385.49802617594
2061.48883890002,-79.1870159911915,384.005126017734
2069.37978852416,-79.0042338536445,382.824733424718
2077.1977844722,-78.662162704674,381.601646023427
2084.77260870922,-78.4646076138984,380.343364648352
2092.53543826152,-78.1080964671035,378.933069080912
2100.75145028826,-77.5570220036169,377.547904932746
2109.57537401811,-76.8513731352645,376.421291159485
2118.99900038179,-75.9467001606199,375.440339772562
2128.64819240871,-74.7404958438183,374.460891362642
2138.43330919414,-73.4564679784722,373.371025483154
2148.13608259113,-72.2428029368834,372.248269077116
2157.56482925361,-71.0133762262177,370.890243409187
2166.53816399625,-70.1190035613496,369.538958853313
2175.14750448208,-69.4849742774928,368.707868896175
2184.49128015905,-69.100963438653,368.887499736204
2194.9286397214,-68.8884753433619,369.666253615367
2205.56945452389,-68.7895602707994,370.541593412145
2215.94196206978,-68.6668861912626,371.081231959465
2225.08099240008,-68.6656671754987,370.927330162282
2232.83098417051,-68.9073966036776,370.575337111529
2239.3469767661,-69.3624869788282,370.013082001178
2244.91638907232,-69.9432883596062,369.588697834829
2249.64934118625,-70.6398951741977,369.042009950583
2253.64535110852,-71.4489869310672,368.615642352335
2257.23112640725,-72.2671298212396,368.11557120721
2260.64189565577,-72.8832394473943,367.626393508821
2263.80007868281,-73.3968555379422,367.11791129067
2266.72457334721,-74.0324576150811,366.793382321364
2269.60140158495,-74.6522880589147,366.545226081503
2272.44819944815,-75.188877627696,366.310028404208
2275.22806009602,-75.8629131099931,366.194410306034
2278.01317924671,-76.5282539009924,365.927489313802
2280.65476085298,-76.9742902755121,365.747524960538
2283.21666419417,-77.3722853463006,365.49602065845
2285.55096954433,-77.5999676656282,365.330968742042
2287.78274630459,-77.9188326528701,365.106238393982
2289.78773159699,-78.1365890506716,364.890036953197
2291.83295515989,-78.5049709978052,364.771655269568
2293.76103497152,-78.8589461622464,364.58262676167
2295.73496362718,-79.1191183092185,364.475123430363
2297.78042281548,-79.4449840290298,364.361245685526
2299.7689451561,-79.6030346629017,364.220488678332
2301.75110837501,-79.741178488782,364.100735948522
2303.71988239063,-79.8837839478592,364.042032419868
2305.63352105747,-79.9283526602254,363.928904962745
2307.69388916785,-79.8995704800832,363.894470491754
2309.83521844433,-79.8581201994777,363.822625001637
2312.07459768335,-79.7646299961657,363.780589936315
2314.33218205593,-79.6810472982522,363.748749553579
2316.60700252115,-79.6062657109649,363.727370077737
2318.89809003808,-79.5391788395312,363.716717733098
2321.20447556579,-79.4786802891787,363.717058743968
2323.52519006337,-79.4236636651349,363.728659334658
2325.85926448989,-79.3730225726274,363.751785729474
2328.20572980444,-79.3256506168836,363.786704152725
2330.56361696608,-79.2804414031312,363.833680828719
2332.93195693389,-79.2362885365975,363.892981981764
2335.30978066696,-79.1920856225102,363.964873836168
2337.69611912436,-79.1467262660968,364.04962261624
2340.09000326516,-79.0991040725848,364.147494546287
2342.49046404844,-79.0481126472017,364.258755850619
2344.89653243329,-78.9926455951751,364.383672753542
2347.30723937877,-78.9315965217325,364.522511479364
2349.72161584397,-78.8638590321014,364.675538252395
2352.13869278796,-78.7883267315094,364.843019296943
2354.55750116982,-78.703893225184,365.025220837314
2356.97707194862,-78.6094521183526,365.222409097819
2359.39643608345,-78.5038970162429,365.434850302763
2361.81462453338,-78.3861215240824,365.662810676457
2364.23066825749,-78.2550192470985,365.906556443208
2366.64359821485,-78.1094837905189,366.166353827324
2369.05244536454,-77.948408759571,366.442469053113
2371.45624066564,-77.7706877594824,366.735168344883
2373.76818208464,-77.4871788786995,367.036133434579
2376.15937362476,-77.230383831151,367.262821966191
2378.6557169992,-76.831253519572,367.582490943244
2381.27634001227,-76.4374168518016,367.912781001538
2384.0244263919,-76.0823072560811,368.224864973879
2386.82150445947,-75.7289535638965,368.496321657691
2389.66846741508,-75.4226003962974,368.733865041265
2392.64303560064,-75.1123041012818,368.99949387646
2395.75249672723,-74.7183185297597,369.198908049783
2399.21307615032,-74.3651965801858,369.485525930904
2402.79633507199,-73.754474063801,369.629111995383
2406.77542087466,-73.2268499203631,369.902188655059
2410.77033151074,-72.4447474222044,370.07213304217
2414.97659370243,-71.7104430781476,370.375710369374
2419.16657331266,-70.7265617307774,370.631749528067
2423.56438254566,-69.6877013996996,370.982976019083
2428.20134647375,-68.5749691283928,371.34477485864
2433.17656367834,-67.4476317849914,371.75068376826
2438.55369975305,-66.2905525467858,372.09518995921
2444.33896523707,-65.0495703729414,372.469535285226
2450.60185171167,-63.7824453273512,372.86370558241
2457.26969327659,-62.4058908956274,373.328518861372
2464.38616670692,-60.9950434949606,373.82711671552
2471.80742000477,-59.6034994141029,374.42963509031
2479.29927037362,-58.1589784836116,375.051955336269
2486.72030611909,-56.8280703055256,375.855794785088
2493.82694310793,-55.4118170092305,376.744070527064
2500.75653595851,-54.1531421570864,377.887953945943
2507.49134071895,-52.9162278652582,379.125767958194
2514.14657386181,-51.7192885034913,380.444715726004
2520.75402181972,-50.5497782815053,381.766563803926
2527.28796593299,-49.3385041446848,383.021986682771
2533.71115462885,-48.1530511150177,384.224006668042
2539.87685821471,-46.887069217581,385.295383249631
2545.73536562861,-45.6495985655893,386.339490494924
2551.20602508828,-44.4516501109899,387.32127678445
2556.23083655397,-43.3152301919272,388.283188993187
2560.82098937328,-42.2625626975251,389.178284486179
2564.99024362052,-41.2451865720308,390.001335354876
2568.84267181652,-40.3575049290819,390.783112752706
2572.36401908279,-39.4641516224603,391.411955209939
2575.70109622306,-38.5990067138721,391.942688720416
2578.79522440289,-37.8582026197615,392.350542196081
2581.640835835,-37.2374629916738,392.63874597686
2584.23236273208,-36.7325114811544,392.81053040268
2586.56423730683,-36.3390717397483,392.869125813467
2588.63089177196,-36.052867419001,392.817762549149
2590.42675834016,-35.8696221704576,392.659670949653
2591.94626922414,-35.7850596456635,392.398081354904
2593.18385663659,-35.7949034961638,392.036224104831
2594.25644814227,-35.8520860612391,391.664076516702
2595.07765111501,-35.9353208630396,391.253160025731
2595.70098653251,-36.0732782923123,390.779571693344
2596.13875764407,-36.218743017787,390.210637512453
2596.36049297466,-36.273166250616,389.528204740482
2596.46228167657,-36.4304242477309,388.811832633521
2596.40783544011,-36.5577695349579,388.093611402136
2596.27949841248,-36.8285218078153,387.393981375455
2596.00698219839,-37.0628237317722,386.671032229176
2595.62326795435,-37.3496271360043,385.914140631609
2595.17801149295,-37.7007192929485,385.224223427466
2594.71083954337,-38.1694408629168,384.630207750643
2594.20651767161,-38.6463536125326,384.136524835818
2593.56268537623,-38.8824270064048,383.505290423259
2592.92901599297,-39.0399226953043,382.867255481273
2592.42939218013,-39.2753966356218,382.296119728576
2592.06967489735,-39.6513766635371,381.829684235298
2591.77099954946,-40.1160415841812,381.375250750376
2591.41192047507,-40.5176954787849,380.847727754978
2591.06138881254,-40.9847137657088,380.368615037316
2590.72620040729,-41.4410104475332,379.953727224249
2590.41566665886,-41.8929127536718,379.59795616512
2590.16857814201,-42.3410952741734,379.328403842545
2589.92022629449,-42.7180945334456,379.03218951586
2589.64629422125,-43.099334735841,378.744600384728
2589.28497647483,-43.4862628792843,378.443905812813
2588.68498014412,-43.651669699952,378.02894532296
